id,title,authors,venue,year,citationCount,referenceCount,influentialCitationCount,doi,url
23f4b6432b74e5db05da04e354341807f5044f7e,Language Modelling with Pixels,Phillip Rust; Jonas F. Lotz; Emanuele Bugliarello; Elizabeth Salesky; Miryam de Lhoneux; Desmond Elliott,International Conference on Learning Representations,2022,71,145,8,,https://www.semanticscholar.org/paper/23f4b6432b74e5db05da04e354341807f5044f7e
e79d1206292bc5e67ba19737d87d4b2ea4a37105,Charformer: Fast Character Transformers via Gradient-based Subword Tokenization,Yi Tay; Vinh Q. Tran; Sebastian Ruder; Jai Gupta; Hyung Won Chung; Dara Bahri; Zhen Qin; Simon Baumgartner; Cong Yu; Donald Metzler,International Conference on Learning Representations,2021,221,70,20,,https://www.semanticscholar.org/paper/e79d1206292bc5e67ba19737d87d4b2ea4a37105
9c2e4e5ee224c20a45c37244924138b50f3fe603,Learning to Look Inside: Augmenting Token-Based Encoders with Character-Level Information,Yuval Pinter; A. Stent; Mark Dredze; Jacob Eisenstein,arXiv.org,2021,7,35,0,,https://www.semanticscholar.org/paper/9c2e4e5ee224c20a45c37244924138b50f3fe603
937b177d2ed7cee27ee45300c690f2f60c81bae5,Models In a Spelling Bee: Language Models Implicitly Learn the Character Composition of Tokens,Itay Itzhak; Omer Levy,North American Chapter of the Association for Computational Linguistics,2021,33,16,1,10.18653/v1/2022.naacl-main.373,https://www.semanticscholar.org/paper/937b177d2ed7cee27ee45300c690f2f60c81bae5
44ef6cf919250001836ed73c0d58b20ea1e2d308,ByT5: Towards a Token-Free Future with Pre-trained Byte-to-Byte Models,Linting Xue; Aditya Barua; Noah Constant; Rami Al-Rfou; Sharan Narang; Mihir Kale; Adam Roberts; Colin Raffel,Transactions of the Association for Computational Linguistics,2021,765,68,98,10.1162/tacl_a_00461,https://www.semanticscholar.org/paper/44ef6cf919250001836ed73c0d58b20ea1e2d308
3b34e79610e5acaba352def4323a59f6d531fac7,Macro-Average: Rare Types Are Important Too,Thamme Gowda; Weiqiu You; Constantine Lignos; Jonathan May,North American Chapter of the Association for Computational Linguistics,2021,34,51,4,10.18653/v1/2021.naacl-main.90,https://www.semanticscholar.org/paper/3b34e79610e5acaba352def4323a59f6d531fac7
59c0076b3d814588e320820b95563965733d1875,AMBERT: A Pre-trained Language Model with Multi-Grained Tokenization,Xinsong Zhang; Hang Li,Findings,2020,61,47,6,10.18653/v1/2021.findings-acl.37,https://www.semanticscholar.org/paper/59c0076b3d814588e320820b95563965733d1875
969287b8a96e242793b11f0dbb99ec341228106f,Canine: Pre-training an Efficient Tokenization-Free Encoder for Language Representation,J. Clark; Dan Garrette; Iulia Turc; J. Wieting,Transactions of the Association for Computational Linguistics,2021,333,84,51,10.1162/tacl_a_00448,https://www.semanticscholar.org/paper/969287b8a96e242793b11f0dbb99ec341228106f
485b3f77b9913e151e7ca897d99497e70e7f30d1,Optimizing segmentation granularity for neural machine translation,Elizabeth Salesky; Andrew Runge; Alex Coda; J. Niehues; Graham Neubig,Machine Translation,2018,41,26,2,10.1007/s10590-019-09243-8,https://www.semanticscholar.org/paper/485b3f77b9913e151e7ca897d99497e70e7f30d1
ab139e341c005929848a7326f3d44f8a6aa9863c,Improving Neural Machine Translation by Incorporating Hierarchical Subword Features,Makoto Morishita; Jun Suzuki; Masaaki Nagata,International Conference on Computational Linguistics,2018,17,19,0,,https://www.semanticscholar.org/paper/ab139e341c005929848a7326f3d44f8a6aa9863c
473921de1b52f98f34f37afd507e57366ff7d1ca,CharacterBERT: Reconciling ELMo and BERT for Word-Level Open-Vocabulary Representations From Characters,Hicham El Boukkouri; Olivier Ferret; T. Lavergne; Hiroshi Noji; Pierre Zweigenbaum; Junichi Tsujii,International Conference on Computational Linguistics,2020,179,38,18,10.18653/V1/2020.COLING-MAIN.609,https://www.semanticscholar.org/paper/473921de1b52f98f34f37afd507e57366ff7d1ca
d617f51833860dc50d202af7f80be71304b2e994,Between words and characters: A Brief History of Open-Vocabulary Modeling and Tokenization in NLP,Sabrina J. Mielke; Zaid Alyafeai; Elizabeth Salesky; Colin Raffel; Manan Dey; Matthias Gallé; Arun Raja; Chenglei Si; Wilson Y. Lee; Benoît Sagot; Samson Tan,arXiv.org,2021,234,200,9,,https://www.semanticscholar.org/paper/d617f51833860dc50d202af7f80be71304b2e994
d87647784c12517d31964cc508d5b8423cc24f50,Integrating Approaches to Word Representation,Yuval Pinter,arXiv.org,2021,5,93,0,,https://www.semanticscholar.org/paper/d87647784c12517d31964cc508d5b8423cc24f50
5dee4ece8ec1725a7d071b74bf60f4f5fd2e78ad,Sub-Character Tokenization for Chinese Pretrained Language Models,Chenglei Si; Zhengyan Zhang; Yingfa Chen; Fanchao Qi; Xiaozhi Wang; Zhiyuan Liu; Yasheng Wang; Qun Liu; Maosong Sun,Transactions of the Association for Computational Linguistics,2021,17,61,0,10.1162/tacl_a_00560,https://www.semanticscholar.org/paper/5dee4ece8ec1725a7d071b74bf60f4f5fd2e78ad
dc018aacbebf81e4e164a2e2c53d3e2c9b1824a5,Can Character-based Language Models Improve Downstream Task Performances In Low-Resource And Noisy Language Scenarios?,Arij Riabi; Benoît Sagot; Djamé Seddah,WNUT,2021,17,62,0,10.18653/v1/2021.wnut-1.47,https://www.semanticscholar.org/paper/dc018aacbebf81e4e164a2e2c53d3e2c9b1824a5
0232715f9089e3a2fc002cff6737bb9939805b8d,Local Byte Fusion for Neural Machine Translation,Makesh Narsimhan Sreedhar; Xiangpeng Wan; Yu Cheng; Junjie Hu,Annual Meeting of the Association for Computational Linguistics,2022,8,45,0,10.48550/arXiv.2205.11490,https://www.semanticscholar.org/paper/0232715f9089e3a2fc002cff6737bb9939805b8d
feeed68c23932fda1cc9f222b5b7690b2ad7e706,HashFormers: Towards Vocabulary-independent Pre-trained Transformers,Huiyin Xue; Nikolaos Aletras,Conference on Empirical Methods in Natural Language Processing,2022,6,39,0,10.48550/arXiv.2210.07904,https://www.semanticscholar.org/paper/feeed68c23932fda1cc9f222b5b7690b2ad7e706
a0568d0bf4cbfcb5a17a20c576dfc421c4ccfb7c,Incorporating Context into Subword Vocabularies,Shaked Yehezkel; Yuval Pinter,Conference of the European Chapter of the Association for Computational Linguistics,2022,17,48,0,10.48550/arXiv.2210.07095,https://www.semanticscholar.org/paper/a0568d0bf4cbfcb5a17a20c576dfc421c4ccfb7c
2f07f97563a73d9b691ec6144e4bba25a347ab87,An Embarrassingly Simple Method to Mitigate Undesirable Properties of Pretrained Language Model Tokenizers,Valentin Hofmann; Hinrich Schütze; J. Pierrehumbert,Annual Meeting of the Association for Computational Linguistics,2022,85,56,3,10.18653/v1/2022.acl-short.43,https://www.semanticscholar.org/paper/2f07f97563a73d9b691ec6144e4bba25a347ab87
b639124771f9c62cd656a24e8e685a456918e0ff,Character-Level Encoding with S4 for QA,Stanford CS224N; Peng Chen,,2022,0,22,0,,https://www.semanticscholar.org/paper/b639124771f9c62cd656a24e8e685a456918e0ff
f9f27e0f196e1b76caa44cf11aef7a40ca95b3f0,Why don’t people use character-level machine translation?,Jindřich Libovický; Helmut Schmid; Alexander M. Fraser,Findings,2021,37,74,2,10.18653/v1/2022.findings-acl.194,https://www.semanticscholar.org/paper/f9f27e0f196e1b76caa44cf11aef7a40ca95b3f0
0de580957d23dd65e31b6c95e6bc5d15bc15c57d,Impact of Tokenization on Language Models: An Analysis for Turkish,Cagri Toraman; E. Yilmaz; Furkan Şahinuç; Oguzhan Ozcelik,ACM Trans. Asian Low Resour. Lang. Inf. Process.,2022,149,68,12,10.1145/3578707,https://www.semanticscholar.org/paper/0de580957d23dd65e31b6c95e6bc5d15bc15c57d
17e2977b907aad2532c45185947539e83ac639cd,How Robust is Neural Machine Translation to Language Imbalance in Multilingual Tokenizer Training?,Shiyue Zhang; Vishrav Chaudhary; Naman Goyal; James Cross; Guillaume Wenzek; Mohit Bansal; Francisco (Paco) Guzmán,Conference of the Association for Machine Translation in the Americas,2022,25,37,2,10.48550/arXiv.2204.14268,https://www.semanticscholar.org/paper/17e2977b907aad2532c45185947539e83ac639cd
062cfd5cbafa47950a5ebbd306cd0059dfd79f75,CLOWER: A Pre-trained Language Model with Contrastive Learning over Word and Character Representations,Borun Chen; Hongyin Tang; Jingang Wang; Qifan Wang; Haitao Zheng; Wei Yu Wu; Liqian Yu,International Conference on Computational Linguistics,2022,2,40,0,10.48550/arXiv.2208.10844,https://www.semanticscholar.org/paper/062cfd5cbafa47950a5ebbd306cd0059dfd79f75
035df9ecf84da7ae475175f326095ab16b97dd47,Investigating the Effectiveness of BPE: The Power of Shorter Sequences,Matthias Gallé,Conference on Empirical Methods in Natural Language Processing,2019,81,39,4,10.18653/v1/D19-1141,https://www.semanticscholar.org/paper/035df9ecf84da7ae475175f326095ab16b97dd47
5e788c833321b12671206b96a438c0e5b1202027,Finding the Optimal Vocabulary Size for Neural Machine Translation,Thamme Gowda; Jonathan May,Findings,2020,95,32,10,10.18653/v1/2020.findings-emnlp.352,https://www.semanticscholar.org/paper/5e788c833321b12671206b96a438c0e5b1202027
5c3005e22e6fb218aa76fea49971f3f991993b32,Robust Open-Vocabulary Translation from Visual Text Representations,Elizabeth Salesky; David Etter; Matt Post,Conference on Empirical Methods in Natural Language Processing,2021,66,56,5,10.18653/v1/2021.emnlp-main.576,https://www.semanticscholar.org/paper/5c3005e22e6fb218aa76fea49971f3f991993b32
2ffbe6040369a82d5a003c2bb835e221c9d2f896,How Suitable Are Subword Segmentation Strategies for Translating Non-Concatenative Morphology?,Chantal Amrhein; Rico Sennrich,Conference on Empirical Methods in Natural Language Processing,2021,16,59,1,10.18653/v1/2021.findings-emnlp.60,https://www.semanticscholar.org/paper/2ffbe6040369a82d5a003c2bb835e221c9d2f896
379722c04fb3b54215f82512eb86398cb02d42dd,Subword Segmental Language Modelling for Nguni Languages,Francois Meyer; Jan Buys,Conference on Empirical Methods in Natural Language Processing,2022,9,38,1,10.48550/arXiv.2210.06525,https://www.semanticscholar.org/paper/379722c04fb3b54215f82512eb86398cb02d42dd
70dd68c07b322b68836eded1fb4f78c0efcad685,A Multi-dimensional Evaluation of Tokenizer-free Multilingual Pretrained Models,Jimin Sun; Patrick Fernandes; Xinyi Wang; Graham Neubig,Findings,2022,15,36,0,10.48550/arXiv.2210.07111,https://www.semanticscholar.org/paper/70dd68c07b322b68836eded1fb4f78c0efcad685
9a1a9ae2fc2911f1f275702bef38aa8f79c86986,What do tokens know about their characters and how do they know it?,Ayush Kaushal; Kyle Mahowald,North American Chapter of the Association for Computational Linguistics,2022,52,83,3,10.48550/arXiv.2206.02608,https://www.semanticscholar.org/paper/9a1a9ae2fc2911f1f275702bef38aa8f79c86986
e6b73466bab5e52ce0db19dd06d9353c26557dae,CodeBPE: Investigating Subtokenization Options for Large Language Model Pretraining on Source Code,Nadezhda Chirkova; Sergey Troshin,International Conference on Learning Representations,2023,10,48,0,10.48550/arXiv.2308.00683,https://www.semanticscholar.org/paper/e6b73466bab5e52ce0db19dd06d9353c26557dae
4d6f9558ccfd712e2ef0921a7cb6625698c3cb0c,Evaluating Various Tokenizers for Arabic Text Classification,Zaid Alyafeai; Maged Saeed Al-shaibani; Mustafa Ghaleb; Irfan Ahmad,Neural Processing Letters,2021,64,65,2,10.1007/s11063-022-10990-8,https://www.semanticscholar.org/paper/4d6f9558ccfd712e2ef0921a7cb6625698c3cb0c
ad6c25a46a083e02dbfcdd4b6341945d517b5e31,A Vocabulary-Free Multilingual Neural Tokenizer for End-to-End Task Learning,Md. Mofijul Islam; Gustavo Aguilar; Pragaash Ponnusamy; Clint Solomon Mathialagan; Chengyuan Ma; Chenlei Guo,Workshop on Representation Learning for NLP,2022,15,24,2,10.48550/arXiv.2204.10815,https://www.semanticscholar.org/paper/ad6c25a46a083e02dbfcdd4b6341945d517b5e31
bbeb9e5d4d51194d8e557ef7a6d927bdd62e9309,Patching Leaks in the Charformer for Efficient Character-Level Generation,Lukas Edman; Antonio Toral; Gertjan van Noord,arXiv.org,2022,1,20,0,10.48550/arXiv.2205.14086,https://www.semanticscholar.org/paper/bbeb9e5d4d51194d8e557ef7a6d927bdd62e9309
1babe379f8547a9dc43251e5c5a7bea4a3de5ea1,Handling Out-Of-Vocabulary Problem in Hangeul Word Embeddings,O-Yeon Kwon; Dohyun Kim; Soobee Lee; Jun-Heuk Choi; SangKeun Lee,Conference of the European Chapter of the Association for Computational Linguistics,2021,16,18,0,10.18653/v1/2021.eacl-main.280,https://www.semanticscholar.org/paper/1babe379f8547a9dc43251e5c5a7bea4a3de5ea1
188cd686fb2200f237f688dbda7f64ffc75e67ac,Subword Pooling Makes a Difference,Judit Ács; 'Akos K'ad'ar; András Kornai,Conference of the European Chapter of the Association for Computational Linguistics,2021,33,17,0,10.18653/v1/2021.eacl-main.194,https://www.semanticscholar.org/paper/188cd686fb2200f237f688dbda7f64ffc75e67ac
7771aa7badc3375a31bfac8dc47755ff5d5c7780,From characters to words: the turning point of BPE merges,Ximena Gutierrez-Vasques; C. Bentz; O. Sozinova; T. Samardžić,Conference of the European Chapter of the Association for Computational Linguistics,2021,35,31,0,10.18653/v1/2021.eacl-main.302,https://www.semanticscholar.org/paper/7771aa7badc3375a31bfac8dc47755ff5d5c7780
7e15af5f6b3a794167bc4dc194768b348becc5d3,Improving Tokenisation by Alternative Treatment of Spaces,Edward Gow-Smith; Harish Tayyar Madabushi; Carolina Scarton; Aline Villavicencio,Conference on Empirical Methods in Natural Language Processing,2022,26,45,1,10.48550/arXiv.2204.04058,https://www.semanticscholar.org/paper/7e15af5f6b3a794167bc4dc194768b348becc5d3
373588ff1fb9f7590db000a04de8d838b1516e5a,On the Effectiveness of Quasi Character-Level Models for Machine Translation,Salvador Carrión-Ponz; F. Casacuberta,Conference of the Association for Machine Translation in the Americas,2022,2,39,0,,https://www.semanticscholar.org/paper/373588ff1fb9f7590db000a04de8d838b1516e5a
15db055ac7cb49bac96cc1be1270d9bf2b0b1770,Beyond Characters: Subword-level Morpheme Segmentation,Ben Peters; André F. T. Martins,Special Interest Group on Computational Morphology and Phonology Workshop,2022,19,38,3,10.18653/v1/2022.sigmorphon-1.14,https://www.semanticscholar.org/paper/15db055ac7cb49bac96cc1be1270d9bf2b0b1770
62a7f3c14c15d8f5d1c643ceb991dddb36e3c47c,XLM-V: Overcoming the Vocabulary Bottleneck in Multilingual Masked Language Models,Davis Liang; Hila Gonen; Yuning Mao; Rui Hou; Naman Goyal; Marjan Ghazvininejad; Luke Zettlemoyer; Madian Khabsa,Conference on Empirical Methods in Natural Language Processing,2023,126,37,11,10.48550/arXiv.2301.10472,https://www.semanticscholar.org/paper/62a7f3c14c15d8f5d1c643ceb991dddb36e3c47c
a794a92e1fa516250390514eeeb3c3b3140876a3,RetVec: Resilient and Efficient Text Vectorizer,Elie Bursztein; Marina Zhang; Owen Vallis; Xinyu Jia; Alexey Kurakin,Neural Information Processing Systems,2023,6,43,0,10.48550/arXiv.2302.09207,https://www.semanticscholar.org/paper/a794a92e1fa516250390514eeeb3c3b3140876a3
ed7b51e4a5c4835218f6697b280afb2849211939,Are Character-level Translations Worth the Wait? An Extensive Comparison of Character- and Subword-level Models for Machine Translation,Lukas Edman; Antonio Toral; Gertjan van Noord,arXiv.org,2023,4,32,0,10.48550/arXiv.2302.14220,https://www.semanticscholar.org/paper/ed7b51e4a5c4835218f6697b280afb2849211939
412e266cddfd87c79087a88ba1e4d11b89a45a13,MEGABYTE: Predicting Million-byte Sequences with Multiscale Transformers,L. Yu; Daniel Simig; Colin Flaherty; Armen Aghajanyan; Luke Zettlemoyer; M. Lewis,Neural Information Processing Systems,2023,187,47,11,10.48550/arXiv.2305.07185,https://www.semanticscholar.org/paper/412e266cddfd87c79087a88ba1e4d11b89a45a13
cde3d57c8f38e5dfb50edbb31faf02c23f1507fe,"Interpreting Character Embeddings With Perceptual Representations: The Case of Shape, Sound, and Color",Sidsel Boldsen; Manex Agirrezabal; Nora Hollenstein,Annual Meeting of the Association for Computational Linguistics,2022,6,79,0,10.18653/v1/2022.acl-long.470,https://www.semanticscholar.org/paper/cde3d57c8f38e5dfb50edbb31faf02c23f1507fe
674265c672777b6d10d5455adc58a6cacb0d0cfe,BPE beyond Word Boundary: How NOT to use Multi Word Expressions in Neural Machine Translation,Dipesh Kumar; Avijit Thawani,First Workshop on Insights from Negative Results in NLP,2022,6,29,0,10.18653/v1/2022.insights-1.24,https://www.semanticscholar.org/paper/674265c672777b6d10d5455adc58a6cacb0d0cfe
5917ba80a905aeba41487f7dcdb8b885f18689f5,Tokenization and the Noiseless Channel,Vilém Zouhar; Clara Meister; Juan Luis Gastaldi; Li Du; Mrinmaya Sachan; Ryan Cotterell,Annual Meeting of the Association for Computational Linguistics,2023,74,47,10,10.48550/arXiv.2306.16842,https://www.semanticscholar.org/paper/5917ba80a905aeba41487f7dcdb8b885f18689f5
4044c062683533d92f598715afe2508be29c739c,The Hidden Folk: Linguistic Properties Encoded in Multilingual Contextual Character Representations,Manex Agirrezabal; Sidsel Boldsen; Nora Hollenstein,CAWL,2023,2,30,0,10.18653/v1/2023.cawl-1.2,https://www.semanticscholar.org/paper/4044c062683533d92f598715afe2508be29c739c
ea8197cb357af6f89e8b6e5548897236a24719b1,What is the best recipe for character-level encoder-only modelling?,Kris Cao,Annual Meeting of the Association for Computational Linguistics,2023,8,41,0,10.48550/arXiv.2305.05461,https://www.semanticscholar.org/paper/ea8197cb357af6f89e8b6e5548897236a24719b1
9a56e9b5c1a96e758163296d15e960dfae44ce61,A Formal Perspective on Byte-Pair Encoding,Vilém Zouhar; Clara Meister; Juan Luis Gastaldi; Li Du; Tim Vieira; Mrinmaya Sachan; Ryan Cotterell,Annual Meeting of the Association for Computational Linguistics,2023,63,22,3,10.48550/arXiv.2306.16837,https://www.semanticscholar.org/paper/9a56e9b5c1a96e758163296d15e960dfae44ce61
66e13b987c86e9c40b10b27672c83848f316609a,UTF-8 Plumbing: Byte-level Tokenizers Unavoidably Enable LLMs to Generate Ill-formed UTF-8,Preston Firestone; Shubham Ugare; Gagandeep Singh; Sasa Misailovic,arXiv.org,2025,5,75,0,10.48550/arXiv.2511.05578,https://www.semanticscholar.org/paper/66e13b987c86e9c40b10b27672c83848f316609a
